{"2020-08-27": {"Bitcoin": 11330.71, "Ethereum": 382.51, "XRP": 0.264674, "Tether": 1.0, "Chainlink": 14.51, "Bitcoin Cash": 264.81, "Litecoin": 56.04, "Bitcoin SV": 185.9, "Binance Coin": 23.15, "Crypto.com Coin": 0.167996, "EOS": 2.98, "Cardano": 0.106759, "Tezos": 3.21, "Stellar": 0.093937, "TRON": 0.023136, "Monero": 89.69, "Cosmos": 7.3, "USD Coin": 1.0, "UNUS SED LEO": 1.26, "Neo": 17.66, "Huobi Token": 4.78, "Aave": 0.771099, "IOTA": 0.339385, "VeChain": 0.015923, "NEM": 0.092555, "Dash": 83.64, "Ethereum Classic": 6.37, "Zcash": 74.23, "OMG Network": 5.02, "Maker": 616.84, "Ontology": 0.841187, "Synthetix Network Token": 6.1, "Celo": 3.97, "Basic Attention Token": 0.326603, "HedgeTrade": 1.57, "UMA": 8.55, "Dai": 1.01, "Compound": 170.76, "0x": 0.604888, "yearn.finance": 14190.54, "BitTorrent": 0.000411, "Dogecoin": 0.003202, "Algorand": 0.520484, "THETA": 0.447945, "Ren": 0.420992, "DigiByte": 0.027174, "TrueUSD": 1.0, "Energy Web Token": 11.44, "FTX Token": 3.6, "ICON": 0.594718, "Hyperion": 1.04, "OKB": 5.46, "Qtum": 3.37, "Waves": 3.11, "Kyber Network": 1.54, "Aragon": 8.35, "Flexacoin": 0.00869, "Band Protocol": 12.08, "NXM": 46.06, "Paxos Standard": 1.0, "Augur": 21.55, "Hedera Hashgraph": 0.044028, "Kusama": 26.84, "Elrond": 0.017099, "Loopring": 0.1865, "Zilliqa": 0.020307, "Lisk": 1.64, "Decred": 16.76, "Binance USD": 1.0, "Terra": 0.503291, "Ocean Protocol": 0.516373, "Swipe": 2.78, "Balancer": 25.7, "Enjin Coin": 0.211081, "Bitcoin Gold": 9.65, "Siacoin": 0.00395, "Reserve Rights": 0.023925, "Bitcoin Diamond": 0.82682, "Numeraire": 51.8, "Nano": 1.15, "Ravencoin": 0.021488, "THORChain": 0.923599, "Bytom": 0.108833, "Blockstack": 0.246358, "Nervos Network": 0.006779, "Decentraland": 0.094405, "HUSD": 1.0, "Kava.io": 3.88, "Serum": 2.56, "Status": 0.03579, "JUST": 0.054437, "Bancor": 1.78, "Holo": 0.000719, "Ampleforth": 0.655671, "ZB Token": 0.25192, "iExec RLC": 1.46, "Quant": 9.5, "MonaCoin": 1.73, "Solana": 3.46, "KuCoin Shares": 1.37}}